id,name,age,height_meter,weight_kg,children,occupation,academic_degree,salary,location
0,Darlena Avila,58,1.87,53,1,Choreographer,PhD,68,South Dakota
1,Yan Boyd,65,1.8,40,0,Cellarman,Bachelor,73,Delaware
2,Joette Lane,32,1.8,73,1,Veterinary Surgeon,Master,69,South Dakota
3,Jazmine Hunt,61,1.79,89,0,Hawker,PhD,88,Louisiana
4,Remedios Gomez,23,1.64,51,2,Choreographer,Bachelor,83,West Virginia
5,Myung Brewer,20,1.68,60,4,Window Dresser,Bachelor,65,South Dakota
6,Shaun Lynch,31,1.56,62,0,Weaver,Master,72,Louisiana
7,Melodi Mcdowell,56,1.6,42,0,Lighthouse Keeper,Master,65,Louisiana
8,Charlesetta Stevenson,30,1.62,44,3,Millwright,Master,87,Louisiana
9,Merri Charles,44,1.69,51,5,Medical Supplier,PhD,72,West Virginia
10,Cassi Meyers,55,1.82,72,5,Manicurist,Bachelor,73,South Dakota
11,Shawnee Harmon,66,1.63,78,5,Medical Physicist,PhD,90,Delaware
12,Lyndia Spears,62,1.88,41,1,Assistant,Master,78,Alaska
13,Page Evans,35,1.53,74,5,Paramedic,Bachelor,69,Delaware
14,Telma Hebert,66,1.94,79,3,Genealogist,Master,75,South Dakota
15,Edelmira Drake,23,1.87,72,2,Servant,PhD,77,South Dakota
16,Oscar Guthrie,40,1.61,46,4,Technical Liaison,Bachelor,76,Louisiana
17,Bernardina Strong,34,1.55,78,1,Scientist,PhD,90,South Dakota
18,Caprice Hart,64,1.69,67,4,Market Research,PhD,79,Louisiana
19,Alleen Pace,25,1.86,81,4,Medical Supplier,PhD,77,South Dakota
20,Margart Buckner,53,1.65,48,3,Actor,PhD,74,Louisiana
21,Kemberly Yates,41,1.75,49,4,Claims Adjustor,PhD,83,Delaware
22,Leeanne Soto,63,1.82,76,1,Groom,Master,67,South Dakota
23,Evan Macdonald,60,1.98,71,0,Payroll Assistant,Master,72,Alaska
24,Angeles Buckner,23,1.96,89,2,Machine Operator,Bachelor,72,South Dakota
25,Julieann Thornton,42,1.78,43,0,Tea Blender,Bachelor,73,West Virginia
26,Veronique Rodgers,58,1.56,80,3,Warden,Bachelor,76,Delaware
27,Kenyetta Logan,41,1.94,65,1,Undertaker,PhD,76,Delaware
28,Hyun Pollard,60,1.66,80,5,Psychiatrist,Master,73,South Dakota
29,Tran Hurst,56,1.56,52,0,Planning Technician,Bachelor,85,Delaware
30,Zenobia Delgado,52,1.79,38,0,Booking Clerk,Bachelor,88,Delaware
31,Carmelina Velez,28,1.52,59,0,Track Worker,Bachelor,79,West Virginia
32,Laine Odom,35,1.74,72,1,Sub-Postmaster,Bachelor,85,Louisiana
33,Shonna Schwartz,32,1.7,44,0,Shelf Filler,Master,86,Alaska
34,Renda Hicks,67,1.73,84,0,Chemist,Bachelor,89,South Dakota
35,Pandora Quinn,32,1.67,44,1,Injection Moulder,Bachelor,66,Alaska
36,Vivien Hunt,43,1.57,49,2,Stenographer,Bachelor,73,South Dakota
37,Celestina Hudson,31,1.9,73,0,Betting Shop,PhD,83,Alaska
38,Willena Snow,31,1.51,43,1,Hire Car Driver,Master,85,West Virginia
39,Sunday Kelly,43,1.61,63,0,Heating Engineer,Master,85,West Virginia
40,Afton Hayden,27,1.63,88,3,Motor Mechanic,Master,73,Delaware
41,Susy Castro,33,1.59,51,0,Vehicle Assessor,Bachelor,88,Louisiana
42,Lonna Bell,52,1.53,68,4,Tree Surgeon,Bachelor,73,Louisiana
43,Britta Wolfe,45,1.75,49,0,Building Surveyor,PhD,83,West Virginia
44,Joline Hernandez,41,1.56,74,1,Auto Electrician,PhD,72,Delaware
45,Cher Hogan,50,1.83,74,4,Park Ranger,Master,80,South Dakota
46,Iraida Odom,66,1.86,53,2,Relocation Agent,Bachelor,66,South Dakota
47,Leisha Jacobs,27,1.66,86,0,Advertising Contractor,Master,85,Delaware
48,Corrinne Blair,61,1.77,70,2,Furnace Man,Master,78,Louisiana
49,Caroll Tillman,22,1.62,56,1,Shooting Instructor,PhD,77,West Virginia
50,Leonie Miles,56,1.99,89,5,Travel Representative,Bachelor,79,Louisiana
51,Zofia Franco,34,1.97,44,1,Medical Physicist,Bachelor,82,South Dakota
52,Dani Reyes,61,1.78,55,2,Labourer,PhD,88,South Dakota
53,Margy Craig,61,1.84,54,4,Technical Analyst,Master,82,Alaska
54,Billye Bradshaw,67,1.82,55,0,Actress,Master,85,Alaska
55,Donetta Mueller,25,1.99,48,5,Show Jumper,PhD,74,West Virginia
56,Robbi Mayer,28,1.5,42,5,Granite Technician,PhD,79,South Dakota
57,Ashlyn Smith,64,1.68,73,1,Share Dealer,Bachelor,88,Alaska
58,Bao Fry,50,1.68,88,0,Prison Officer,Bachelor,89,Delaware
59,Karleen O'neil,50,1.55,87,4,Riding Instructor,PhD,68,Alaska
60,Enda Waters,58,1.96,48,1,Rug Maker,Bachelor,81,Louisiana
61,Georgeanna Raymond,30,1.96,88,3,Marine Electrician,Master,69,Alaska
62,Eufemia Ryan,66,1.85,62,0,Stud Hand,Bachelor,70,Louisiana
63,Huong Shaw,67,1.96,60,2,Lighthouse Keeper,Bachelor,81,South Dakota
64,Annamae Norris,56,1.6,59,2,Bus Conductor,Master,75,West Virginia
65,Marvis Murphy,19,1.75,81,4,Piano Tuner,Bachelor,68,Alaska
66,Deeanna Thompson,37,1.99,49,4,Medical Researcher,Bachelor,72,South Dakota
67,Dann Mcpherson,33,1.72,84,2,Shipwright,PhD,83,South Dakota
68,Tobi Burke,23,1.69,74,1,Marketing Manager,Bachelor,88,West Virginia
69,Rubi Acevedo,22,1.76,89,4,Insurance Inspector,Master,89,Louisiana
70,Rosamond Bishop,67,1.97,59,4,Pallet Maker,PhD,69,Delaware
71,Detra Powers,60,1.95,70,2,Road Safety Officer,Master,80,Louisiana
72,Pamula Pearson,28,1.65,46,1,School Crossing,PhD,73,Louisiana
73,Myrl Osborne,56,1.87,49,4,Opera Singer,Master,78,Delaware
74,Yi Small,52,1.5,56,1,Share Dealer,PhD,89,Delaware
75,Ludivina Jimenez,63,1.72,81,1,Tour Agent,Master,74,West Virginia
76,Florrie Norman,60,1.54,70,5,Pipe Inspector,Bachelor,85,Alaska
77,Jolie Olson,46,1.66,89,1,Golf Club Professional,Bachelor,81,West Virginia
78,Berenice Downs,25,1.99,77,0,Sportsperson,Master,72,Delaware
79,Henry Potts,22,1.85,69,3,Maintenance Fitter,Bachelor,75,South Dakota
80,Albert Valencia,55,1.88,87,0,Seaman,Bachelor,82,Delaware
81,Gaylene Schneider,55,1.98,71,3,Beauty Therapist,PhD,72,South Dakota
82,Karisa Walter,22,1.92,67,1,Stock Manager,PhD,87,South Dakota
83,Verlie Maxwell,32,1.8,86,3,Theatre Technician,Master,67,South Dakota
84,Yi Hughes,39,1.95,85,3,Song Writer,Master,67,Louisiana
85,Kandra Sosa,33,1.82,87,4,Taxi Controller,PhD,73,West Virginia
86,Joye Ferguson,31,1.72,83,2,Lock Keeper,Master,82,Delaware
87,Manie Garner,64,1.95,43,1,Grave Digger,Bachelor,83,Louisiana
88,Naoma Patton,48,1.58,51,0,Sales Assistant,Master,72,West Virginia
89,Maia Madden,44,1.73,41,1,Scaffolder,Master,71,South Dakota
90,Angelic Stokes,24,1.94,74,3,Systems Manager,Bachelor,86,West Virginia
91,Marya Francis,40,1.88,64,4,Video Artist,PhD,78,West Virginia
92,Jeanelle Kim,47,1.61,65,3,Art Restorer,Master,88,South Dakota
93,Many Ochoa,61,1.84,63,5,Herbalist,Master,85,South Dakota
94,Dion Mooney,21,1.77,63,4,Zoologist,PhD,77,Alaska
95,Apolonia Booth,24,1.82,46,3,Housekeeper,Bachelor,72,Delaware
96,Keena Harmon,30,1.66,67,2,Planning Officer,Master,82,West Virginia
97,Laila Riggs,26,1.98,64,2,Car Valet,Master,78,Delaware
98,Angeles Richardson,35,1.77,60,1,Bursar,PhD,79,Delaware
99,Ayanna Rios,22,1.52,53,1,Analyst,PhD,79,Louisiana
100,Emeline Dominguez,24,1.56,80,0,Zoologist,Bachelor,66,Louisiana
101,Shemeka Pennington,18,1.63,61,1,Doctor,Bachelor,67,Delaware
102,Livia Bryant,28,1.79,57,4,Public House Manager,Master,78,West Virginia
103,Holley Blanchard,48,1.8,78,1,Chiropractor,PhD,71,West Virginia
104,Leon Steele,21,1.84,89,0,Baggage Handler,Master,70,West Virginia
105,Versie Hood,18,1.83,42,4,Plant Operator,Bachelor,77,Alaska
106,Reena Shields,47,1.75,65,2,Station Manager,PhD,74,West Virginia
107,Emerald Horton,62,1.59,71,5,Metal Dealer,PhD,88,Louisiana
108,Wanetta Rosales,60,1.74,65,5,Merchant,Master,87,West Virginia
109,Kallie Skinner,27,1.97,55,3,Maintenance Fitter,Master,71,Alaska
110,Myrl Glenn,31,1.51,58,1,Teachers Assistant,Bachelor,66,Louisiana
111,Matha Santiago,65,1.63,55,4,Mill Operator,PhD,82,South Dakota
112,Alishia Leon,65,1.97,43,1,Riding Instructor,Master,75,South Dakota
113,Zulma Roach,21,1.62,68,5,Technical Director,Master,83,West Virginia
114,Anamaria Brady,50,1.65,63,5,Maid,Master,81,Delaware
115,Miesha Joyner,21,1.78,60,3,Warehouseman,Master,81,South Dakota
116,Maryalice Perry,29,1.73,57,2,Lineman,Bachelor,67,Louisiana
117,Hassie Galloway,22,1.56,72,5,Hypnotist,Bachelor,86,Delaware
118,Janett Reese,43,1.74,84,4,Transport Manager,PhD,68,Louisiana
119,Larae Bright,33,1.92,56,1,Product Installer,Bachelor,83,Louisiana
120,Leonida Alvarez,20,1.85,46,2,Bank Messenger,Bachelor,84,South Dakota
121,Zandra Forbes,44,1.85,46,5,Technical Director,Bachelor,86,Louisiana
122,Allena Mccray,54,1.64,68,3,Plant Manager,Bachelor,81,Alaska
123,Blake Dunn,34,1.97,68,0,Building Control,Master,71,Alaska
124,Tambra Blair,33,1.79,81,0,Green Keeper,Bachelor,73,West Virginia
125,Lesha Bowers,26,2,45,4,Sales Executive,PhD,86,Alaska
126,Jennine Rosario,47,1.76,66,3,Nursing Sister,PhD,75,South Dakota
127,Rochell Freeman,18,1.78,41,4,Child Minder,Bachelor,79,Louisiana
128,Jacqui Erickson,54,1.83,48,1,Horticultural Consultant,PhD,68,South Dakota
129,Celesta Chambers,52,1.5,66,5,Street Trader,Master,71,Louisiana
130,Arlette Diaz,34,1.64,56,5,Sports Coach,Bachelor,69,Alaska
131,Johnette Washington,22,1.63,88,5,Interior Decorator,Master,72,Alaska
132,Dede Maldonado,36,1.61,47,2,Gate Keeper,Bachelor,70,West Virginia
133,Buffy Chen,52,1.9,76,5,Nanny,Master,87,Alaska
134,Despina Johnston,57,1.84,82,3,Metallurgist,PhD,90,Louisiana
135,Wesley Klein,18,1.72,76,0,Shepherd,PhD,86,Louisiana
136,Luetta Mercado,37,1.63,43,1,Analytical Chemist,PhD,86,South Dakota
137,Kimbra Mcdonald,26,1.52,86,1,Stud Hand,PhD,73,South Dakota
138,Sandee Walsh,24,1.64,75,3,Technical Engineer,Bachelor,88,Louisiana
139,Sheryll Graham,27,1.7,58,5,Circus Worker,Bachelor,73,Alaska
140,Magan Higgins,56,1.85,56,5,Research Consultant,PhD,71,Alaska
141,Asuncion Ingram,31,1.54,54,2,Editor,Master,86,Alaska
142,Tonisha Silva,50,1.99,80,4,Steeplejack,Master,80,Alaska
143,Breann Compton,21,1.76,77,3,Showman,Bachelor,67,West Virginia
144,Inell Estrada,35,1.77,56,3,Taxi Controller,Bachelor,66,South Dakota
145,Ardell York,39,1.82,89,1,Hardware Dealer,Master,89,Delaware
146,Yuko Alvarez,58,1.78,43,1,Decorator,Master,73,Delaware
147,Delicia Newman,65,1.92,69,5,Night Watchman,PhD,79,Louisiana
148,Krissy Hobbs,63,1.92,68,1,Stable Hand,PhD,78,Louisiana
149,Elfreda Harris,18,1.6,76,4,Gaming Board Inspector,Bachelor,68,South Dakota
150,Kyoko Romero,62,1.9,64,2,Ticket Inspector,Master,69,Louisiana
151,Agripina Fisher,20,1.86,75,4,Technical Author,Bachelor,76,Louisiana
152,Sebrina Lyons,53,1.74,59,4,Vehicle Engineer,Master,69,West Virginia
153,Shaquita Weeks,26,1.66,50,5,Machine Minder,PhD,66,Alaska
154,Naoma Dickson,41,1.93,64,0,Parts Supervisor,PhD,90,South Dakota
155,Shonna Peterson,40,1.96,62,3,Greengrocer,Master,71,Delaware
156,Audie Cabrera,60,1.75,75,2,Chimney Sweep,Master,68,Alaska
157,Corrin Livingston,67,1.96,38,5,Geophysicist,Master,82,West Virginia
158,Emmy Blake,57,1.73,54,2,Repair Man,PhD,88,Delaware
159,Charlsie Stephens,33,1.66,81,4,Purser,Master,70,Delaware
160,Synthia Tate,44,1.77,77,0,Lock Keeper,PhD,65,Delaware
161,Lashunda Delacruz,65,1.87,65,0,Chimney Sweep,Master,75,West Virginia
162,Fermina Patton,60,1.65,39,0,Payroll Clerk,Bachelor,88,Delaware
163,Lavenia Gross,35,1.69,47,1,Tree Surgeon,Master,70,South Dakota
164,Georgiann Clark,42,1.59,77,3,Machine Tool Fitter,Master,66,West Virginia
165,Eleni Diaz,32,1.73,54,3,Marquee Erector,PhD,71,West Virginia
166,Alia Vasquez,40,1.9,56,5,Violin Maker,Bachelor,74,Delaware
167,Catrice Huber,32,1.97,75,2,Script Writer,PhD,65,Delaware
168,Karlyn Jackson,43,1.92,50,3,Tax Inspector,Bachelor,75,Alaska
169,Jonie Harrell,22,1.79,74,2,Nurseryman,Bachelor,89,Alaska
170,Odelia Ferguson,40,1.5,81,5,Barrister,PhD,85,Louisiana
171,Tashina Sloan,43,1.95,56,1,Precision Engineer,Bachelor,86,Louisiana
172,Hae Moody,39,1.63,86,5,Gaming Club Manager,PhD,65,South Dakota
173,Consuela Velasquez,34,1.81,40,2,Shop Proprietor,Bachelor,70,Louisiana
174,Merri Randall,34,1.57,56,2,Sales Director,Bachelor,66,South Dakota
175,Hyon Camacho,56,1.89,61,4,Textile Consultant,Master,78,Alaska
176,Fallon Edwards,64,1.96,68,2,Plant Attendant,Bachelor,90,Alaska
177,Sherlene Woodard,45,1.54,86,1,Rent Offcer,PhD,84,Louisiana
178,Mertie Bradford,25,1.9,38,2,Typewriter Engineer,Bachelor,77,Louisiana
179,Shantelle Hall,30,1.84,81,2,Quality Engineer,PhD,73,South Dakota
180,Milda Bryant,63,1.84,68,0,Yacht Master,Master,78,South Dakota
181,Jeanice Newman,51,1.53,90,3,Operative,PhD,90,Louisiana
182,Petronila Burks,61,1.57,40,2,Technical Illustrator,Bachelor,88,Delaware
183,Contessa Dillard,41,1.94,46,3,Sports Coach,Master,78,South Dakota
184,Whitley Hogan,60,1.79,84,1,Sales Assistant,PhD,75,Louisiana
185,Coretta Small,38,1.74,64,2,Assistant Cook,PhD,86,South Dakota
186,Miki Daugherty,64,1.72,53,2,Child Minder,PhD,74,Louisiana
187,Micheal Maldonado,37,1.95,79,2,Breeder,Master,86,West Virginia
188,Kymberly Conner,38,1.98,90,3,Catering Staff,PhD,77,Alaska
189,Jadwiga Murray,53,1.82,39,0,Pig Manager,Bachelor,69,Delaware
190,Diamond Rutledge,44,1.78,42,4,Judge,PhD,86,West Virginia
191,Janessa Shaffer,61,1.93,59,1,Acoustic Engineer,Master,88,Delaware
192,Elfreda Calhoun,57,1.77,89,1,Clerk,PhD,83,Alaska
193,Anthony Callahan,43,1.51,88,1,Payroll Assistant,Bachelor,82,South Dakota
194,Fumiko Espinoza,37,1.53,85,3,Travel Agent,Bachelor,74,Delaware
195,Caprice Kane,45,1.72,61,4,Clergyman,Master,90,Louisiana
196,Terrilyn Davis,56,1.97,40,5,Training Officer,Master,85,Alaska
197,Sharleen Myers,47,1.98,41,3,Research Scientist,Master,79,West Virginia
198,Danika Kirby,61,1.86,66,0,Car Park Attendant,Master,71,Louisiana
199,Elli Bernard,48,1.56,77,5,Waiter,PhD,90,Delaware
200,Lynetta Harrell,60,2,71,2,Sports Coach,PhD,67,Alaska
201,Roni Briggs,50,1.9,45,5,Watchmaker,PhD,86,Louisiana
202,Janean Hoover,39,1.73,52,3,Plant Driver,Master,67,Delaware
203,Oralee Hobbs,61,1.86,58,3,Palaeobotanist,PhD,74,Delaware
204,Kathe Hansen,30,1.98,81,3,Building Inspector,Bachelor,69,South Dakota
205,China Brady,20,1.72,85,5,Proprietor,Bachelor,72,West Virginia
206,Bula Mckee,57,1.98,73,2,Flour Miller,Master,89,South Dakota
207,Marylouise Taylor,47,1.83,86,3,Bingo Caller,Master,78,Louisiana
208,Loida Green,30,1.55,70,1,Guest House Owner,PhD,87,West Virginia
209,Stephane Dean,49,1.92,60,4,Project Leader,Bachelor,77,Delaware
210,Lajuana Mccray,27,1.61,65,4,Window Dresser,Bachelor,85,South Dakota
211,Kiera Baird,66,1.59,82,2,Plant Engineer,Master,89,South Dakota
212,Alease Cohen,67,1.93,74,5,Research Consultant,Bachelor,78,Delaware
213,Elanor Reid,29,1.82,39,0,Tree Feller,Bachelor,90,Louisiana
214,Monet Hogan,47,1.73,48,2,Paint Consultant,PhD,66,Louisiana
215,Lyndia Rose,33,1.97,76,0,Biologist,Bachelor,68,West Virginia
216,Esta Rios,26,1.81,81,0,Metallurgist,Master,90,West Virginia
217,Renna Key,60,1.8,64,2,Laundry Staff,PhD,81,Louisiana
218,Debbi Goodwin,56,1.71,56,5,Tea Taster,PhD,75,West Virginia
219,Lilliam Barton,57,1.61,76,0,Administrator,Bachelor,88,Louisiana
220,Leoma Wilcox,45,1.61,46,2,Navigator,Master,82,West Virginia
221,Delpha Albert,28,1.75,65,1,Fraud Investigator,Master,88,West Virginia
222,Veronique Peters,46,1.62,73,5,Press Operator,Bachelor,73,Delaware
223,Olinda Stuart,58,1.87,65,0,Station Manager,Bachelor,73,Louisiana
224,Londa Mcdaniel,49,1.71,63,5,Sales Support,Master,85,Delaware
225,Deeann Herrera,35,1.51,58,1,Stationer,PhD,79,South Dakota
226,Melvin Boyer,63,1.72,44,1,Shipping Officer,PhD,74,Delaware
227,Ozella Lindsey,35,1.54,57,5,Plant Engineer,Bachelor,75,Alaska
228,Malika Roth,52,1.58,70,5,Delivery Driver,PhD,67,Delaware
229,Timika Cook,27,1.95,60,2,Golfer,Bachelor,72,West Virginia
230,Curtis Carroll,62,1.63,49,4,Groom,PhD,69,Delaware
231,Celestina Cline,22,1.98,78,3,Stock Controller,PhD,78,West Virginia
232,Serita Pacheco,39,1.96,74,5,Pattern Weaver,PhD,82,West Virginia
233,Lorilee Casey,44,1.72,68,3,Optical,Master,66,Delaware
234,Britni Green,44,1.75,57,3,Special Constable,Bachelor,77,Louisiana
235,Brittaney Hall,62,1.92,42,5,Caterer,PhD,65,Louisiana
236,Thora Harrison,42,1.73,73,5,Baggage Handler,Master,80,South Dakota
237,Grisel Garrison,40,1.8,70,1,Brewery Manager,Master,74,West Virginia
238,Cyrstal Serrano,44,1.95,59,5,Careers Officer,PhD,82,Louisiana
239,Fredda Barr,56,1.62,66,3,Transport Engineer,PhD,72,West Virginia
240,Etsuko Guy,32,1.69,56,3,Road Sweeper,Master,73,West Virginia
241,Bobbye Salazar,49,1.82,59,0,Physiologist,Bachelor,65,West Virginia
242,Neomi Fitzgerald,39,1.63,80,4,Graphologist,Master,86,West Virginia
243,Chau Mcguire,64,1.83,60,2,Recruitment Consultant,Bachelor,70,West Virginia
244,Chieko Fuentes,26,1.78,79,2,Forwarding Agent,PhD,84,Louisiana
245,Vanetta Brady,19,1.82,65,4,Production Engineer,Bachelor,77,Louisiana
246,Mercedez Frye,54,1.59,51,2,Tea Blender,Bachelor,86,South Dakota
247,Jerlene Cantrell,23,1.58,56,0,Ticket Inspector,PhD,85,West Virginia
248,Vanetta Barnes,26,1.83,87,4,Fund Raiser,PhD,79,Delaware
249,Moon Castillo,21,1.58,82,4,Highway Inspector,PhD,73,West Virginia
250,Ruthanne Barry,38,1.71,81,5,Loss Assessor,Master,71,West Virginia
251,Larry Riggs,38,1.87,66,1,Turf Accountant,Bachelor,75,West Virginia
252,Linh Woodward,35,1.9,68,1,Project Manager,PhD,89,West Virginia
253,Samara Jefferson,34,1.88,87,3,Textile Technician,PhD,67,West Virginia
254,Reanna Wooten,19,1.58,50,4,Garage Foreman,Master,88,Louisiana
255,Blythe Murphy,21,1.74,61,4,Church Officer,PhD,76,Delaware
256,Tory Stein,59,1.56,43,1,Meteorologist,Master,67,South Dakota
257,Tomoko Carson,66,1.92,43,1,Sound Engineer,Master,65,Delaware
258,Antonio Hinton,30,1.53,70,2,Locum Pharmacist,Master,65,Louisiana
259,Chaya Hansen,27,1.61,58,0,Pipe Inspector,Bachelor,72,Delaware
260,Dwana Barnett,48,1.64,68,5,Garage Manager,PhD,86,South Dakota
261,Sherlyn Hunt,54,1.81,43,0,Masseur,Bachelor,71,West Virginia
262,Elodia Marks,62,1.97,76,4,Screen Printer,Bachelor,73,Alaska
263,Latashia Dodson,28,1.65,41,1,Saw Miller,PhD,84,Louisiana
264,Sharie Benton,65,1.56,69,4,Typesetter,Bachelor,87,South Dakota
265,Torie Mccullough,67,1.62,47,2,Service Manager,Bachelor,70,Alaska
266,Maryetta Donovan,24,1.79,49,5,Carpenter,PhD,83,South Dakota
267,Melissia Best,37,1.98,72,4,Ticket Inspector,PhD,83,West Virginia
268,Angelyn Hayden,43,1.94,40,5,Radio Presenter,Master,87,Delaware
269,Katelin Richard,22,1.51,88,0,Plumber,Bachelor,83,Delaware
270,Cythia Roman,24,1.79,86,2,Furniture Remover,Bachelor,87,Alaska
271,Maryanna Mann,61,1.67,79,1,Stock Manager,PhD,84,South Dakota
272,Sommer Morrow,54,1.59,46,0,Stage Director,Bachelor,90,South Dakota
273,Lavenia Cox,40,1.52,50,0,Park Keeper,Master,82,West Virginia
274,Torri Hendricks,60,1.99,72,3,Marketing Assistant,Bachelor,76,South Dakota
275,Hana Fleming,50,1.68,87,0,Picture Editor,Master,85,Alaska
276,Despina Sargent,18,1.68,63,5,Shop Keeper,Master,78,West Virginia
277,Marg Young,24,1.59,82,3,Project Leader,PhD,78,Alaska
278,Khadijah Savage,58,1.54,65,0,Sheet Metal Worker,PhD,79,Delaware
279,Georgine Malone,45,1.65,44,0,Philatelist,PhD,70,Louisiana
280,Lavonna French,59,1.72,83,3,Historian,PhD,73,Louisiana
281,Saran Gray,52,1.72,84,2,Ship Builder,Master,89,West Virginia
282,Brittanie Blake,47,1.84,63,2,Toy Maker,PhD,78,Louisiana
283,Eugenie Williams,35,1.52,76,5,Shooting Instructor,Bachelor,75,Delaware
284,Diedre Berry,23,1.62,79,2,Production Engineer,Master,73,West Virginia
285,Arletta Mercer,33,1.58,66,2,Property Manager,Master,89,West Virginia
286,Chan Mccray,54,1.57,61,3,Panel Beater,PhD,84,West Virginia
287,Lajuana Duke,39,1.98,39,5,IT Manager,Master,65,West Virginia
288,Trang Harvey,38,1.96,45,2,Meat Inspector,PhD,70,West Virginia
289,Sean Dalton,31,2,56,5,Technical Director,Bachelor,76,Alaska
290,Dennise Campos,39,1.93,66,1,Site Engineer,Bachelor,73,Louisiana
291,Lovetta O'neill,62,1.67,42,4,Vehicle Assessor,Master,73,Louisiana
292,Leisha Stein,18,1.58,83,5,Horticulturalist,Master,81,Delaware
293,Tifany Dean,23,1.56,50,1,Lorry Driver,Master,72,West Virginia
294,Antonietta Guerrero,49,1.78,61,3,Watchmaker,Bachelor,82,Delaware
295,Christene Bernard,62,1.65,83,5,Tailor,PhD,80,West Virginia
296,Porsche Rogers,46,1.7,74,0,Foreman,Master,90,South Dakota
297,Cayla Hunter,23,1.73,71,2,Foster Parent,PhD,74,Delaware
298,Ghislaine Rodriquez,43,1.98,65,4,Body Fitter,Bachelor,87,Delaware
299,Treasa Castaneda,37,1.65,48,2,Licensing,Master,86,Louisiana
300,Trinity Valenzuela,41,1.64,43,2,Insurance Consultant,PhD,80,Louisiana
301,Yuko Ferguson,51,1.56,57,4,Tunneller,Bachelor,76,West Virginia
302,Terica Murphy,65,1.58,75,1,Horse Breeder,PhD,82,Alaska
303,Marceline Sparks,40,1.96,40,0,Car Salesman,Bachelor,87,West Virginia
304,Kenneth Nichols,35,1.61,74,3,Arts,Master,74,Alaska
305,Yang Floyd,32,1.82,57,3,Manicurist,PhD,68,Delaware
306,Pearlene Fox,38,1.73,82,0,Handyman,Master,68,Louisiana
307,Ranae Kent,66,1.73,59,4,Geologist,Master,87,Delaware
308,Love Rasmussen,30,1.99,60,3,Fuel Merchant,Master,71,West Virginia
309,Tora Maynard,35,1.55,53,3,Flour Miller,Master,88,Louisiana
310,Shae Dudley,66,1.57,41,2,Racehorse Groom,PhD,81,Louisiana
311,Rea Duffy,36,1.98,48,2,Palaeobotanist,Bachelor,68,Delaware
312,Eufemia Knox,36,2,67,3,Orthoptist,Master,72,Alaska
313,Annalee Bradford,29,1.97,70,3,Machine Tool Fitter,Bachelor,74,South Dakota
314,Maryetta Battle,63,1.53,69,4,Stud Hand,Master,82,Delaware
315,Voncile Alexander,35,1.92,65,1,Medical Physicist,PhD,66,South Dakota
316,Mertie Robles,53,1.7,40,3,Bill Poster,PhD,74,Delaware
317,Herma Gutierrez,58,1.78,42,3,Theatre Manager,Master,89,West Virginia
318,Yuette Finch,24,1.91,77,5,Envoy,Bachelor,65,Louisiana
319,Conchita Head,36,1.69,59,4,Progress Chaser,Bachelor,80,West Virginia
320,Hsiu Mendez,46,1.75,70,0,Bank Manager,Bachelor,75,Delaware
321,Dusti Pollard,21,1.67,68,4,Stable Hand,Bachelor,73,West Virginia
322,Torri Carey,25,1.66,77,2,Health Planner,Master,67,West Virginia
323,Leida Mcmahon,49,1.67,70,4,Technical Clerk,PhD,67,Louisiana
324,Leighann Justice,58,1.91,61,2,Cleric,Master,86,South Dakota
325,Lilla Santana,27,1.95,82,5,Armourer,PhD,69,Louisiana
326,Silva Espinoza,37,1.98,88,4,Lighthouse Keeper,PhD,67,Delaware
327,Blake Mcintosh,25,1.74,71,5,Purser,Bachelor,82,West Virginia
328,Junko Ball,56,1.79,82,0,Industrial Chemist,Bachelor,84,Louisiana
329,Samira Gallagher,32,1.71,64,5,Jazz Composer,Master,89,Louisiana
330,Tequila Rosales,42,1.81,68,5,Brewery Worker,PhD,79,West Virginia
331,Earlean Lester,37,1.6,58,5,Tacker,PhD,83,West Virginia
332,Moon Gallagher,37,1.98,67,4,Plastics Engineer,PhD,83,Louisiana
333,Maryrose Osborn,21,1.89,84,5,Medical Physicist,PhD,84,South Dakota
334,Sudie Contreras,66,1.98,55,4,Off Shore,Bachelor,71,Delaware
335,Leanora Rollins,34,1.64,51,5,Technical Assistant,Master,86,South Dakota
336,Sook Grant,28,1.78,88,5,Microbiologist,Master,72,Delaware
337,Denisse Mccray,53,1.84,62,3,Plumber,Bachelor,67,Delaware
338,Launa Barron,18,1.64,83,0,Polisher,Master,78,West Virginia
339,Kathline Richard,62,1.74,50,4,Metal Polisher,PhD,84,West Virginia
340,Kiyoko Cantrell,36,1.55,85,4,Machine Operator,Bachelor,66,Delaware
341,Billi Odom,36,1.95,52,5,Lithographer,Bachelor,87,Alaska
342,Creola Hines,62,1.67,68,0,Gaming Club Proprietor,Bachelor,79,South Dakota
343,Yuki Weaver,61,1.58,79,3,TV Editor,PhD,72,Alaska
344,Hue Rivera,58,1.98,58,2,Bookmaker,Bachelor,83,Delaware
345,Joella Lucas,45,1.87,40,1,Sales Support,Bachelor,68,Louisiana
346,Asley Snow,32,1.7,69,1,Navigator,Bachelor,85,Delaware
347,Ali Francis,35,1.78,44,2,Motor Engineer,Master,69,South Dakota
348,Xenia Lindsey,21,1.75,46,4,Store Detective,Master,70,Alaska
349,Hedy Sears,56,1.56,48,5,Stage Manager,PhD,88,Louisiana
350,Kati Potts,36,1.59,85,2,Nurseryman,PhD,79,South Dakota
351,Heide Clemons,47,1.81,78,3,Security Guard,PhD,87,Alaska
352,Madie Bowman,62,1.7,44,1,Gardener,Master,77,Alaska
353,Lurline Wells,50,1.62,54,3,Locum Pharmacist,Master,82,West Virginia
354,Khalilah Williamson,46,1.66,75,5,Aerial Erector,Master,67,Louisiana
355,Melania Patterson,20,1.62,80,0,Stockman,Master,78,Alaska
356,Eugene Herring,56,1.84,83,2,Engineer,PhD,73,South Dakota
357,Lavone Haley,23,1.81,52,1,Tacker,Bachelor,72,Louisiana
358,Shanti Richard,55,1.99,61,3,Waitress,Master,65,Alaska
359,Waltraud Sawyer,54,1.83,51,1,Car Valet,PhD,66,Delaware
360,Sebrina Logan,48,1.85,42,4,Councillor,Bachelor,81,West Virginia
361,Yevette Vega,35,1.75,74,4,Graphic Designer,Bachelor,70,Louisiana
362,Madie Stevens,45,1.76,45,5,Jockey,PhD,85,West Virginia
363,Tai Bradley,23,1.95,66,0,Sports Administrator,Bachelor,80,Alaska
364,Tomoko Hobbs,44,1.73,41,4,Steeplejack,PhD,75,Alaska
365,Lillia Price,60,1.51,54,0,Lawyer,PhD,68,Delaware
366,Cathern Barton,39,1.71,82,0,Valve Technician,Bachelor,78,West Virginia
367,Carolyne Weiss,36,1.74,56,3,Hotel Consultant,Bachelor,86,West Virginia
368,Refugia Hansen,66,2,62,3,Publishing Manager,Master,82,South Dakota
369,Charlsie Page,47,1.98,72,1,Porter,Bachelor,67,Alaska
370,Genny Lynn,34,1.7,46,5,Liaison Officer,Bachelor,75,South Dakota
371,Annabell Francis,67,1.73,84,4,Script Writer,PhD,77,Louisiana
372,Myrle Short,18,1.61,67,2,Guest House Proprietor,Master,86,Louisiana
373,Gudrun West,47,1.94,86,0,Assistant,PhD,78,South Dakota
374,Rebbecca Miranda,30,1.88,39,1,Joinery Consultant,Bachelor,81,Alaska
375,Crissy Mcmillan,57,1.52,76,5,Barman,Bachelor,89,West Virginia
376,Beaulah Henson,58,1.72,72,1,Bodyshop,Bachelor,79,South Dakota
377,Terrilyn Floyd,31,1.62,84,4,Pasteuriser,PhD,73,Louisiana
378,Luba Dixon,26,1.65,47,5,Training Officer,Bachelor,74,West Virginia
379,Rachele Frank,62,1.64,73,4,Hosiery Worker,PhD,80,South Dakota
380,Riva Mathews,19,1.75,60,5,Quality Engineer,PhD,85,Louisiana
381,Lourie Pearson,33,1.71,47,2,Publican,Bachelor,87,Delaware
382,Waneta Joyner,37,1.62,52,2,Geophysicist,Master,82,South Dakota
383,Brittni Maynard,53,1.71,64,4,Treasurer,Bachelor,78,South Dakota
384,Ngoc Dotson,32,1.63,59,5,Camera Repairer,Master,68,West Virginia
385,Mila Bradshaw,25,1.77,50,0,Merchant,Master,85,Delaware
386,Avril Taylor,49,1.54,89,4,Wood Cutter,Bachelor,87,Alaska
387,Song Cruz,50,1.93,59,2,Aircraft Surface Finisher,Bachelor,87,Alaska
388,Hae Wood,44,1.87,85,3,Magistrate,PhD,80,West Virginia
389,Irina Henderson,33,1.96,73,2,Mortgage Broker,Master,79,Louisiana
390,Shenna Lowery,27,1.82,57,2,Procurator Fiscal,PhD,77,Delaware
391,Tatum Johns,56,1.55,84,3,Patent Agent,Bachelor,81,Delaware
392,Mikki Gaines,22,1.71,74,1,Glazier,Bachelor,73,West Virginia
393,Keila Martinez,39,1.97,75,5,Sales Support,Master,90,Louisiana
394,Emeline Cooley,35,1.66,62,4,Map Mounter,Master,65,Alaska
395,Yukiko Nixon,64,1.97,59,2,Technical Analyst,PhD,74,Louisiana
396,Talitha Jarvis,55,1.58,88,2,Homecare Manager,Bachelor,86,West Virginia
397,Yee King,27,1.59,72,5,Booking Clerk,PhD,79,Louisiana
398,Arminda Solomon,48,1.92,90,5,Barman,Bachelor,76,Alaska
399,Quiana Cantrell,53,1.92,52,0,Gravel Merchant,Bachelor,89,Louisiana
400,Janyce Lane,42,1.73,41,4,Tax Inspector,PhD,79,Alaska
401,Synthia Andrews,30,1.5,73,3,Aerobic Instructor,Bachelor,87,Delaware
402,Venice Preston,54,1.64,56,0,Textile Engineer,PhD,77,Delaware
403,Ronni Schultz,67,1.97,49,0,Chartered,PhD,78,South Dakota
404,Elly Donovan,38,1.6,71,2,Press Operator,Master,88,West Virginia
405,Olimpia Bolton,63,1.69,63,3,Maid,PhD,90,West Virginia
406,Jeremy Frank,42,1.84,43,5,Assessor,Bachelor,86,Delaware
407,Paulita Harmon,49,1.69,68,0,Advertising Contractor,PhD,66,Delaware
408,Francisco Boone,50,1.75,65,5,Piano Tuner,PhD,83,Alaska
409,Colene Valenzuela,24,1.76,40,1,Laminator,PhD,79,South Dakota
410,Simonne Farley,51,1.52,42,5,Mining Consultant,PhD,79,South Dakota
411,Arlinda Cochran,64,1.96,58,0,Judge,PhD,69,West Virginia
412,Eleonora Riggs,59,1.91,90,3,Cafe Owner,Master,69,South Dakota
413,Evelyne Mays,48,1.62,62,5,Valuer,Master,90,Alaska
414,Natashia Rivas,39,1.87,88,5,Calibration Manager,PhD,84,West Virginia
415,Marin Beard,59,1.55,52,0,Plant Manager,PhD,67,Alaska
416,Olevia Wyatt,61,1.89,39,5,Meter Reader,Master,82,West Virginia
417,Talitha Delaney,38,1.68,62,3,IT Consultant,PhD,85,West Virginia
418,Myung Bowers,52,1.89,56,1,Butler,Bachelor,66,Louisiana
419,Kiesha Castillo,22,1.69,88,5,Groundsman,PhD,72,Alaska
420,Nicholle Gamble,32,1.68,43,0,Orthoptist,Master,88,South Dakota
421,Melda Roberts,45,1.63,46,0,Ice Cream Vendor,Master,68,South Dakota
422,Serita Mathis,46,1.78,64,0,Area Manager,Bachelor,70,Alaska
423,Marylyn Mason,19,1.55,76,2,Radio Controller,Bachelor,66,Alaska
424,Laurene Hines,21,1.69,43,5,Wood Worker,Bachelor,74,Alaska
425,Twana Church,41,1.84,48,1,Merchant Banker,Master,78,Delaware
426,Kimber Kirkland,33,1.57,48,3,Mill Operator,Master,81,West Virginia
427,Leighann Kent,54,1.89,61,2,Marble Mason,PhD,86,Delaware
428,Taren Mcmillan,28,1.81,67,0,Gambler,Master,70,South Dakota
429,Aleida Wilkerson,57,1.7,77,3,Physicist,Master,77,Louisiana
430,Man Hoover,61,1.91,79,4,Gamekeeper,Master,72,West Virginia
431,Luba Mendoza,55,1.97,50,3,Panel Beater,Bachelor,69,Delaware
432,Onie Wright,47,1.66,85,5,Technical Director,PhD,85,Alaska
433,Junko Gentry,47,1.69,90,3,Professional Wrestler,Bachelor,73,South Dakota
434,Hwa Mcleod,47,2,49,5,Warehouse Manager,Bachelor,74,Louisiana
435,Shawanda Whitley,28,1.85,66,2,Bus Company,Master,67,West Virginia
436,Temeka Cardenas,40,1.82,53,2,Groundsman,PhD,83,Alaska
437,Renay Salazar,58,1.69,66,4,Tank Farm Operative,PhD,78,Alaska
438,Ozie Lucas,47,1.75,82,3,Vehicle Technician,Bachelor,74,Delaware
439,Melania Perkins,42,1.95,72,4,Cargo Operator,Bachelor,80,South Dakota
440,Karena Nolan,33,1.83,48,5,Balloonist,PhD,77,Louisiana
441,Ossie Workman,40,1.88,88,3,Civil Servant,Bachelor,83,Alaska
442,Cordie Elliott,62,1.61,85,4,Wine Merchant,PhD,74,South Dakota
443,Jeanett Hughes,60,1.69,67,5,Telex Operator,Bachelor,77,Alaska
444,Mariette Avila,18,1.74,56,3,Carpenter,Bachelor,83,South Dakota
445,Elane Graham,56,1.66,67,1,Training Officer,Master,88,West Virginia
446,Marleen Kane,36,1.55,84,5,Special Needs,Master,89,Delaware
447,Carmelia Frank,56,1.52,83,0,Applications Engineer,Master,90,Alaska
448,Dannielle Osborne,32,1.9,85,1,Trade Union Official,Bachelor,85,Delaware
449,Yuonne Chaney,57,1.67,65,3,Literary Agent,Master,73,Delaware
450,Glady Colon,58,1.82,65,3,Art Restorer,PhD,68,South Dakota
451,Hildred Hunter,37,1.8,62,0,Landworker,Bachelor,90,West Virginia
452,Laine Riggs,20,1.85,88,0,Chiropractor,PhD,83,Alaska
453,Gracia Hahn,64,1.66,67,0,Medical Advisor,PhD,69,South Dakota
454,Taisha Logan,36,1.98,58,4,Radiologist,PhD,75,West Virginia
455,Nisha Mckenzie,29,1.56,60,3,Horse Trader,PhD,71,Delaware
456,Leana Walters,52,1.81,43,5,Furniture Restorer,Master,76,Louisiana
457,Delila Dominguez,50,1.65,49,2,Gas Mechanic,PhD,73,Delaware
458,Nguyet Hoffman,34,1.8,74,3,Screen Printer,Bachelor,80,Alaska
459,Susy Mosley,65,1.77,79,1,Welfare Rights Officer,Bachelor,75,South Dakota
460,Tajuana Flowers,47,1.57,58,3,Blind Assembler,Master,67,Delaware
461,Alica Kerr,66,1.57,90,3,Yard Manager,PhD,72,West Virginia
462,Tanja Hewitt,53,1.84,64,5,Signwriter,Master,76,South Dakota
463,Fidelia Boone,43,1.78,88,1,Nuclear Scientist,Bachelor,65,Alaska
464,Krysten Decker,52,1.77,48,3,Telecommunications,PhD,68,West Virginia
465,Tisa Bullock,41,1.79,55,4,Project Engineer,PhD,86,Alaska
466,Babette Roberson,55,1.86,72,1,Seaman,Bachelor,77,Alaska
467,Kanesha Fox,24,1.94,40,3,Medical Assistant,Master,86,Delaware
468,Chu Howe,48,1.93,45,1,Labelling Operator,PhD,65,Louisiana
469,Martin Strong,53,1.86,78,3,Highway Inspector,PhD,75,Louisiana
470,Edda Russell,32,1.6,51,0,Potter,PhD,85,South Dakota
471,Lanell Meadows,58,1.77,58,5,Nun,Master,79,Alaska
472,Kiera Williams,59,1.93,81,0,Gambler,Master,78,South Dakota
473,Brynn Ferrell,26,1.93,46,5,Furnace Man,Bachelor,66,South Dakota
474,Elinore Pittman,37,1.66,53,5,Reflexologist,Master,80,South Dakota
475,Elayne Mcdowell,24,1.82,78,3,Public House Manager,Master,72,Louisiana
476,Celinda Morton,26,1.9,87,0,Resin Caster,PhD,77,West Virginia
477,Laila Paul,41,1.97,61,3,Technical Advisor,Master,86,Louisiana
478,Agripina Sweet,44,1.89,84,0,Stage Hand,PhD,83,Delaware
479,Meg Steele,44,1.53,72,3,Lawyer,Master,85,South Dakota
480,Jacqulyn Kline,49,1.63,56,2,Violinist,PhD,84,West Virginia
481,Donella Mccall,35,1.93,88,2,Barman,Bachelor,66,Alaska
482,Corliss Moreno,31,1.89,67,0,Food Processor,Bachelor,79,West Virginia
483,Sammy Jackson,33,1.5,65,1,Funeral Furnisher,PhD,76,South Dakota
484,Leonarda Chandler,61,1.94,55,0,Producer,Master,76,Louisiana
485,Cheree Hampton,59,1.83,79,1,Biochemist,Master,76,South Dakota
486,Lezlie Puckett,43,1.85,52,3,Catering Manager,PhD,73,Delaware
487,Colby Acevedo,25,1.61,42,1,Lift Attendant,PhD,79,South Dakota
488,Sau Alford,60,1.5,59,0,Scientist,PhD,71,Louisiana
489,Dorathy Keith,19,1.54,62,0,Choreographer,Bachelor,66,Alaska
490,Loni Haley,33,1.94,46,3,Furniture Dealer,PhD,69,Louisiana
491,Elene Bird,31,1.77,38,4,Hearing Therapist,Master,67,Louisiana
492,Marvis Preston,31,1.61,85,1,Royal Marine,PhD,83,Delaware
493,Sandie Strickland,32,1.61,44,1,Flying Instructor,PhD,75,Delaware
494,Natashia Gray,56,1.98,58,1,Marine Consultant,Master,65,Alaska
495,Chi Duffy,27,1.78,76,5,Motor Fitter,PhD,69,Louisiana
496,Antonio Stanton,34,1.92,57,1,Trainee Manager,PhD,90,Delaware
497,Tilda Conley,25,1.87,56,5,Blinds Installer,Bachelor,86,South Dakota
498,Tanja Hartman,26,1.56,69,5,Bus Valeter,PhD,65,Alaska
499,Allen Guerrero,33,1.97,46,3,School Crossing,Master,83,Alaska
500,Yasuko Page,19,1.59,68,0,Airport Manager,PhD,70,Alaska
501,Carmelina Alvarez,21,1.63,40,0,Repairer,PhD,69,West Virginia
502,Lashawnda Morin,51,1.86,87,3,Screen Writer,PhD,68,South Dakota
503,Pamila Boone,48,1.82,72,4,Grocer,Master,79,Alaska
504,Cherryl Fuentes,50,1.54,51,1,Typewriter Engineer,Master,83,South Dakota
505,Nicolasa Mckee,46,1.82,79,5,Building Estimator,Master,81,Delaware
506,Rutha Ramos,57,1.98,53,0,Make Up Artist,Bachelor,66,Louisiana
507,Rossie Burke,37,1.73,76,0,Outdoor Pursuits,PhD,79,South Dakota
508,Gary Burris,21,1.51,46,5,Aerial Erector,Bachelor,80,West Virginia
509,Tashia Williams,45,1.67,71,5,Maths Teacher,Bachelor,86,South Dakota
510,Min Cabrera,49,1.87,55,5,English Teacher,Bachelor,87,West Virginia
511,Mana Schwartz,22,1.71,71,0,Medical Assistant,PhD,67,Alaska
512,Chanell Knight,56,1.73,61,0,Television Producer,PhD,69,South Dakota
513,Fernande Haley,26,1.58,87,0,Economist,Bachelor,73,Louisiana
514,Tiffaney Acosta,58,1.52,38,1,Baptist Minister,Master,83,Louisiana
515,Merissa Harris,63,1.96,49,0,Weighbridge Operator,PhD,75,West Virginia
516,Rebbecca Dean,56,1.66,64,5,Patent Agent,Master,81,Alaska
517,Chante Mccormick,47,1.69,70,5,Biologist,Bachelor,81,Louisiana
518,Jenee Schneider,45,1.76,40,3,Bus Company,Master,68,South Dakota
519,Lannie Rosa,59,1.92,58,0,Weighbridge Operator,Master,85,Louisiana
520,Alethea Hall,64,1.6,74,2,Magistrate,Master,71,West Virginia
521,Michiko Mclean,46,1.99,87,1,Violin Maker,Bachelor,72,West Virginia
522,Elvie Aguirre,39,1.97,39,1,Van Driver,Master,79,West Virginia
523,Alica Wilkinson,44,1.67,86,5,Publican,PhD,88,South Dakota
524,Lili Brown,38,1.6,53,3,Technical Engineer,Bachelor,78,Alaska
525,Eleanora Pittman,60,1.64,40,1,Training Consultant,Master,73,Alaska
526,Ming Jacobson,27,1.99,43,4,Charge Hand,PhD,86,West Virginia
527,Dorian Mueller,22,1.91,42,4,Brewery Worker,Master,67,South Dakota
528,Donetta Dixon,23,1.65,58,3,Pest Controller,Master,78,South Dakota
529,Shanel Farmer,65,1.62,50,1,Clergyman,Bachelor,88,Alaska
530,Dakota Chavez,26,1.72,58,3,Floor Layer,PhD,82,South Dakota
531,Meg Woods,55,1.89,66,2,Steward,Master,82,Louisiana
532,Delpha Bradford,39,1.58,81,2,Auxiliary Nurse,Bachelor,86,South Dakota
533,Madelene Carter,44,1.55,53,2,Remedial Therapist,PhD,76,West Virginia
534,Bethel Osborne,64,1.65,90,1,Assembly Worker,Master,66,Alaska
535,Shane Mathews,56,1.87,53,0,Steeplejack,Bachelor,74,Alaska
536,Edra Burton,24,1.51,87,1,Fuel Merchant,Bachelor,83,Louisiana
537,Ozella Hancock,31,1.84,79,0,Maths Teacher,Bachelor,69,West Virginia
538,Anisha Berger,32,1.6,79,3,Foundry Worker,Bachelor,68,Alaska
539,Maira Bush,53,1.52,67,0,Home Economist,PhD,76,South Dakota
540,Rosenda Sherman,66,1.86,69,0,Quality Technician,PhD,73,Louisiana
541,Rima Clay,32,1.68,49,2,Minicab Driver,Master,90,West Virginia
542,Ellis Barber,53,1.81,77,1,Nurseryman,Master,89,Louisiana
543,Qiana Townsend,57,1.78,41,0,Minibus Driver,Master,86,Louisiana
544,Dusty Hogan,19,1.6,89,4,Marine Geologist,PhD,84,Alaska
545,Xiao Sandoval,19,1.51,62,5,Probation Worker,Master,70,Alaska
546,Yael Roy,62,1.74,74,4,Patrolman,Master,89,Alaska
547,Kindra Coffey,39,1.51,76,1,Artexer,Master,76,South Dakota
548,Bruna Sears,29,2,71,2,Lithographer,Bachelor,69,Louisiana
549,Creola Dudley,60,1.83,55,4,Bodyguard,Bachelor,77,South Dakota
550,Ngoc Gregory,27,1.97,49,1,Lorry Driver,PhD,88,South Dakota
551,Louetta Schultz,23,1.87,60,4,Art Dealer,PhD,88,Louisiana
552,Marya Wiley,31,1.78,47,4,Immigration Officer,Master,77,West Virginia
553,Willodean Frye,47,1.59,40,0,Bodyshop,Bachelor,75,Delaware
554,Jaquelyn Ashley,41,1.76,38,2,Investment Banker,Bachelor,74,Alaska
555,Margeret Potter,67,1.59,89,2,Bookmaker,Bachelor,83,Louisiana
556,Ellan Mckee,23,1.85,47,0,Travel Agent,Master,66,Delaware
557,Catherin Haney,28,1.85,80,3,China Restorer,Master,89,Louisiana
558,Leonarda Garza,21,1.57,48,5,Shipyard Worker,PhD,86,South Dakota
559,Suzi Newton,35,1.66,83,4,Printer,Bachelor,79,West Virginia
560,Garnett Hardy,49,1.65,82,2,Fork Lift Truck Driver,Bachelor,84,West Virginia
561,Adriene Wilkerson,44,1.85,74,3,Assistant Caretaker,Bachelor,73,Delaware
562,Louie Ware,66,1.9,77,1,Circus Proprietor,Master,81,South Dakota
563,Ehtel Gill,40,1.87,53,2,Pastry Chef,Bachelor,78,South Dakota
564,Cira Sherman,36,1.85,78,5,Pipe Insulator,Master,86,Louisiana
565,Alla Espinoza,49,1.6,82,0,Postwoman,Master,81,Alaska
566,Danika Powers,20,1.5,62,3,Saw Miller,Bachelor,72,West Virginia
567,Raeann Kirkland,56,1.94,60,4,Public House Manager,Bachelor,66,South Dakota
568,Song Salas,31,1.93,79,5,Licensing,Bachelor,74,Delaware
569,Shan Blair,67,1.9,40,2,Analyst,Master,69,Alaska
570,Keira William,36,1.55,59,1,Public House Manager,Bachelor,75,South Dakota
571,Celesta Manning,18,1.97,43,2,Tax Consultant,PhD,80,West Virginia
572,Arica Hopkins,29,1.97,48,4,Ship Broker,Bachelor,69,West Virginia
573,Brande Britt,52,1.67,50,3,Welfare Assistant,PhD,87,Delaware
574,Whitley Espinoza,50,1.83,57,1,Charity Worker,Bachelor,82,Alaska
575,Noella Mccormick,22,1.77,69,1,Blinds Installer,Master,77,South Dakota
576,Ailene Holt,45,1.54,90,5,Tanner,Bachelor,65,West Virginia
577,Consuela Ayala,22,1.6,78,2,Car Valet,Master,75,Louisiana
578,Deedee Fry,45,1.89,68,3,Medical Practitioner,Bachelor,83,West Virginia
579,Xuan Harvey,63,1.59,62,2,IT Trainer,Master,85,West Virginia
580,Bebe English,36,1.72,54,1,Merchant Banker,PhD,68,West Virginia
581,Camellia Casey,19,1.88,80,0,Carpenter,PhD,75,Delaware
582,Maricruz Scott,57,1.77,86,4,Lighterman,PhD,79,Alaska
583,Calandra Sosa,23,1.69,71,3,Tutor,PhD,78,South Dakota
584,Silvana Mccoy,33,1.94,68,2,Camera Repairer,Master,78,Louisiana
585,Arthur Lambert,43,1.79,71,4,Golf Club Professional,Bachelor,81,South Dakota
586,Setsuko Clayton,43,1.97,48,1,Instructor,Bachelor,74,Alaska
587,Barbera Holland,32,1.54,81,3,Investment Manager,PhD,75,Delaware
588,Ellan Smith,22,1.8,58,5,Building Inspector,Bachelor,81,South Dakota
589,Ngan Mathews,51,1.7,58,2,Training Consultant,Master,81,Delaware
590,Allena Rutledge,67,1.85,75,4,Saw Miller,Bachelor,76,Alaska
591,Raguel Case,64,1.57,75,4,Chimney Sweep,Bachelor,85,Delaware
592,Crissy Russo,33,1.64,72,2,Roofer,Master,68,Delaware
593,Naoma Nixon,34,1.74,76,3,Auctioneer,Bachelor,71,Delaware
594,Kum Herman,56,1.57,76,5,Research Scientist,Bachelor,69,South Dakota
595,Odelia Tyler,29,1.94,82,1,Barrister,PhD,89,West Virginia
596,Simona Ward,47,1.63,61,0,Planning Officer,Master,89,Louisiana
597,Lisha Finley,66,1.92,82,5,Chemist,Bachelor,83,West Virginia
598,Dorotha Frank,61,1.99,66,2,Merchant Seaman,PhD,83,Louisiana
599,Raye Mercer,38,1.82,50,3,Laminator,Master,85,Alaska
600,Sueann Robbins,27,1.76,61,0,Trade Mark Agent,Bachelor,79,South Dakota
601,Carley Fuller,48,1.85,63,1,Transport Engineer,PhD,79,Alaska
602,Ardell Clayton,35,1.6,50,0,Marine Geologist,Bachelor,83,South Dakota
603,Sharell Baxter,40,1.96,83,1,Midwife,Master,81,South Dakota
604,Shela Lane,37,1.7,45,5,Arts,Bachelor,79,West Virginia
605,Ming King,20,1.8,49,3,Watchmaker,Master,66,Alaska
606,Mariella Chase,36,1.92,54,5,Catering Consultant,Master,67,South Dakota
607,Apryl Hartman,57,1.52,74,1,Legal Executive,PhD,84,Louisiana
608,Jennefer Osborne,42,1.6,79,3,Toy Trader,Bachelor,79,Louisiana
609,Alfredia Juarez,53,1.96,79,1,Advertising Assistant,Bachelor,90,South Dakota
610,Kasandra Meyer,46,1.9,57,5,Milklady,Master,90,Louisiana
611,Monserrate Stephens,59,1.67,54,1,Stone Cutter,Master,71,Alaska
612,Tula Silva,56,1.81,75,0,Administrator,PhD,80,Louisiana
613,Misha Mayer,27,1.82,76,2,Off Shore,PhD,66,West Virginia
614,Danika Kemp,24,1.53,55,5,Payroll Manager,Master,90,Alaska
615,Keira Noble,63,1.86,79,2,Immigration Officer,Bachelor,67,Louisiana
616,Tracee Rocha,59,1.62,41,4,Restaurateur,PhD,70,South Dakota
617,Lovetta Pacheco,33,1.57,39,5,Telephonist,Master,87,West Virginia
618,Kaylene Villarreal,46,1.71,62,5,Astronomer,PhD,81,Louisiana
619,Ha Good,57,1.86,52,5,Turkey Farmer,PhD,70,Alaska
620,Sina Villarreal,41,1.97,60,4,Oil Broker,Bachelor,74,West Virginia
621,Gertha Ford,44,1.55,46,5,Mathematician,PhD,89,Alaska
622,Gigi Wilder,61,1.84,59,5,Cashier,Bachelor,84,South Dakota
623,Mathilde Day,58,1.87,57,3,Piano Tuner,Master,85,Alaska
624,Keiko Mckay,22,1.65,45,3,Blind Assembler,PhD,75,South Dakota
625,Cassey Joyce,53,1.94,70,0,Quality Inspector,PhD,86,West Virginia
626,Leeanne Hines,36,1.53,47,1,Investigator,Master,73,Louisiana
627,Pia Mcclure,27,1.95,67,1,Park Ranger,PhD,75,South Dakota
628,Georgianne Roth,55,1.54,59,5,Hospital Orderly,Master,86,Delaware
629,Brittny Adkins,40,1.73,51,1,Hardware Dealer,Master,74,West Virginia
630,Ciera Caldwell,26,1.81,78,3,Restaurant Manager,Master,84,South Dakota
631,So Harris,37,1.5,72,1,Psychiatrist,Bachelor,82,West Virginia
632,Ludivina Rivers,59,1.92,50,0,Actuary,PhD,90,Alaska
633,Karine Dejesus,26,1.85,60,2,Fraud Investigator,Bachelor,86,Louisiana
634,Natalya Lancaster,23,1.79,48,0,Bank Messenger,Master,85,West Virginia
635,Lauran Irwin,50,1.86,76,4,Planning Officer,Master,76,South Dakota
636,Dorine Gonzalez,41,2,69,2,Immigration Officer,Bachelor,74,Delaware
637,Particia Arnold,31,1.61,84,1,Laminator,PhD,75,West Virginia
638,Anisha Mcknight,30,1.75,45,2,Auctioneer,Master,72,Delaware
639,Katherina Rollins,27,1.77,41,4,Barmaid,PhD,67,Alaska
640,Danika Nieves,24,1.92,41,5,Editor,Master,81,Louisiana
641,Sari Harper,65,1.56,54,3,Groom,Bachelor,81,South Dakota
642,Alia Franklin,60,1.71,44,5,Training Instructor,Master,75,Louisiana
643,Dusti Hoffman,26,1.92,44,4,English Teacher,Master,84,West Virginia
644,Debbi Russell,27,1.55,50,4,Inventor,Master,70,Delaware
645,Ulrike York,62,1.6,83,3,Nurseryman,Bachelor,89,Louisiana
646,Avril Marks,28,1.75,51,5,Tattooist,Master,88,West Virginia
647,Joie Acosta,20,1.51,43,0,Technical Manager,Bachelor,78,Alaska
648,Clarinda Rowe,61,1.76,84,5,Chiropodist,Master,88,Delaware
649,Joannie Jackson,46,1.99,56,2,Stock Controller,Bachelor,84,Alaska
650,Corrin Shaffer,66,1.59,40,2,Produce Supervisor,PhD,88,West Virginia
651,Loise Holmes,32,1.87,44,0,Advertising Contractor,Bachelor,82,Delaware
652,Franchesca Gibson,37,1.68,66,4,Merchant,PhD,90,West Virginia
653,Cleopatra Hancock,30,1.91,49,0,Research Consultant,Master,76,Louisiana
654,Sharell Farmer,46,1.92,82,3,Scientific Officer,PhD,79,Alaska
655,Fernande Bullock,67,1.57,84,0,Hawker,Bachelor,77,Louisiana
656,Randee Walker,51,1.8,89,4,Shooting Instructor,Bachelor,78,Delaware
657,Myrtie Roth,30,1.68,39,5,Fuel Merchant,Master,90,Louisiana
658,Syreeta Bullock,26,1.94,66,0,Broadcaster,Master,73,South Dakota
659,Lorean Alston,59,1.85,81,4,Library Manager,PhD,80,Alaska
660,Marchelle Lester,53,1.76,82,4,Charge Hand,Master,68,Louisiana
661,Karima Kemp,25,1.67,81,5,Radio Controller,Bachelor,74,South Dakota
662,Bree Allison,66,1.82,48,4,Street Entertainer,Master,70,Alaska
663,Faviola Blake,46,1.88,58,1,Piano Teacher,Master,81,Delaware
664,Bibi Langley,45,1.61,79,3,Resin Caster,Bachelor,67,Delaware
665,Charis James,46,1.72,74,3,Cartographer,Master,76,South Dakota
666,Seema Galloway,44,1.56,69,5,Ambulance Controller,Bachelor,66,West Virginia
667,Particia Hill,50,1.52,73,0,Catering Manager,PhD,76,Delaware
668,Letisha Tyson,42,1.75,51,5,Spring Maker,Master,67,Alaska
669,Meridith Simmons,32,1.53,52,3,Picture Editor,PhD,65,Alaska
670,Shonna Porter,24,1.83,83,3,Delivery Driver,Bachelor,87,Alaska
671,Jeannetta Acosta,27,1.67,78,2,Voluntary Worker,PhD,69,South Dakota
672,Mirtha Perkins,36,1.55,48,3,Gardener,PhD,80,Delaware
673,Pia Bryan,66,1.63,50,1,Floor Layer,Master,87,West Virginia
674,Janene Jacobs,46,1.91,50,5,Planning Technician,Bachelor,84,South Dakota
675,Raguel Bass,23,1.96,81,4,Flying Instructor,Master,65,Alaska
676,Sharika Norman,31,1.79,70,1,Television Engineer,Bachelor,69,Louisiana
677,Verdie Ray,64,1.52,65,4,Tax Inspector,PhD,84,Louisiana
678,Genevie Patrick,45,1.79,84,1,Cinema Manager,Master,68,Alaska
679,Ludie Landry,33,1.94,64,4,Marine Electrician,Master,74,South Dakota
680,Omega Woodard,21,1.67,56,3,Furniture Remover,Bachelor,72,West Virginia
681,Quinn Mendez,58,1.85,85,4,Office Manager,PhD,90,Louisiana
682,Yevette Strong,47,1.66,85,4,Lawn Mower,Bachelor,67,South Dakota
683,Jacki Morales,49,1.86,81,2,Furnace Man,PhD,84,Louisiana
684,Genie Lancaster,19,1.77,78,2,Economist,Master,85,Louisiana
685,Sparkle Mcguire,54,1.79,80,5,Sales Representative,PhD,72,Delaware
686,Victor Fleming,36,1.94,65,0,Transport Clerk,Bachelor,78,South Dakota
687,Annis Harrell,57,1.57,80,0,Inventor,Master,76,Delaware
688,Eusebia Fletcher,54,1.84,47,0,Nurseryman,Bachelor,78,Delaware
689,Willetta Ballard,60,1.68,66,0,Yard Manager,Bachelor,86,South Dakota
690,Nia Dodson,51,1.76,88,5,Music Teacher,PhD,76,South Dakota
691,Bernardina Watkins,51,1.69,64,5,Palaeobotanist,PhD,82,Louisiana
692,Brandon Alvarado,50,1.87,50,4,Sign Maker,Bachelor,82,South Dakota
693,Michelina Rivas,42,1.79,85,4,Insurance Consultant,PhD,80,South Dakota
694,Heidy Foreman,58,1.72,81,0,IT Trainer,Bachelor,77,Alaska
695,Tonda Burris,34,1.69,65,2,Window Cleaner,Master,88,South Dakota
696,Domonique Chang,40,1.79,54,0,Physiotherapist,Master,90,South Dakota
697,Eneida Barr,40,1.58,58,4,Bill Poster,PhD,72,South Dakota
698,Leo Kirby,67,1.89,73,2,Butchery Manager,PhD,83,Alaska
699,Louanne Livingston,26,1.61,49,4,Building Surveyor,PhD,66,Alaska
700,Eufemia Hobbs,52,1.77,63,0,Postman,Bachelor,75,Delaware
701,Jama O'connor,67,1.67,61,2,Leaflet Distributor,PhD,86,West Virginia
702,Verdie Justice,62,2,90,5,Advertising Clerk,Bachelor,80,Delaware
703,Marinda Hughes,26,1.62,79,4,Maintenance Fitter,Bachelor,67,West Virginia
704,Luci Harrell,20,1.96,45,3,Masseuse,PhD,74,Delaware
705,Laquanda Avila,20,1.96,90,2,Tractor Driver,PhD,90,Delaware
706,Scott Kidd,20,1.52,79,1,Patent Attorney,PhD,75,Alaska
707,Cheree Wiley,50,1.55,87,4,Tunneller,Bachelor,77,Louisiana
708,Carley Cunningham,48,1.84,87,1,Script Writer,Bachelor,73,South Dakota
709,Isaura Lynn,66,1.91,85,3,Business Proprietor,PhD,85,Delaware
710,Emilee Avery,36,1.73,59,0,Carphone Fitter,Bachelor,76,South Dakota
711,Breann Cobb,59,1.9,73,0,Lighthouse Keeper,Master,75,Alaska
712,Perry Hatfield,25,1.73,63,3,Park Ranger,Bachelor,90,Alaska
713,Nicholle Orr,45,1.56,38,5,Broadcaster,PhD,77,West Virginia
714,Belia Perez,42,1.92,60,4,Claims Adjustor,Master,75,Delaware
715,Leoma Merritt,49,1.54,86,3,Quality Inspector,Master,87,West Virginia
716,Arica Juarez,41,1.58,52,1,Recovery Vehicle Coordinator,PhD,90,Louisiana
717,Lavone Wolfe,35,1.82,57,5,Psychiatrist,Bachelor,90,South Dakota
718,Zenia Terrell,64,1.78,45,0,Adjustor,PhD,78,South Dakota
719,Norman Lynn,45,1.77,43,2,Laboratory Analyst,PhD,84,Delaware
720,Maricruz Curry,52,1.71,79,4,Gate Keeper,Bachelor,74,Alaska
721,Gita Davis,24,1.81,54,1,Doctor,Bachelor,67,Alaska
722,Breann Stein,60,1.88,73,3,Warden,Bachelor,74,Alaska
723,Lauralee Olsen,46,1.53,44,1,Teacher,Master,84,West Virginia
724,Maye Calderon,28,1.84,53,0,Motor Fitter,PhD,87,West Virginia
725,Caroyln Vaughan,40,1.6,69,3,Photographer,PhD,79,South Dakota
726,Lianne Patton,64,1.79,74,4,Professional Racing,Master,76,Louisiana
727,Roberto Christian,45,1.5,53,1,Shipwright,Master,73,South Dakota
728,Melania Campbell,22,1.84,59,3,Stenographer,Master,86,West Virginia
729,Meghann Rosales,41,1.65,73,0,Hospital Consultant,PhD,81,Delaware
730,Cher Soto,19,1.64,90,1,Tyre Technician,Bachelor,69,Louisiana
731,Kemberly Rasmussen,61,1.94,42,5,Cable Contractor,Bachelor,90,West Virginia
732,Thresa Morrow,20,1.52,75,4,Retired,PhD,69,South Dakota
733,Jaleesa Villarreal,33,1.52,54,4,Underwriter,Master,89,Alaska
734,Ellis Hahn,41,1.7,87,4,Newsagent,Bachelor,77,Louisiana
735,Shella Lamb,20,1.76,63,2,Textile Engineer,Bachelor,84,Delaware
736,Joya Stanton,61,1.98,77,5,Highway Inspector,PhD,79,Alaska
737,Edward Hughes,41,1.58,74,4,Goldsmith,PhD,79,South Dakota
738,Stevie Whitaker,54,1.68,52,3,Literary Agent,Bachelor,69,Louisiana
739,Kenia Hamilton,41,1.62,80,1,Trainee Manager,Master,77,Alaska
740,Ngan Jones,59,1.96,40,0,Payroll Assistant,Bachelor,73,Delaware
741,Twanda Morton,25,1.91,85,2,Ventriloquist,PhD,65,Delaware
742,Frida Hardin,49,1.83,61,4,Cafe Worker,PhD,81,West Virginia
743,Karry Hardin,53,1.99,52,4,Revenue Officer,Master,68,Alaska
744,Mariko Kidd,67,1.9,76,0,Textile Consultant,Bachelor,73,West Virginia
745,Salley Chen,31,1.61,70,5,Mining Engineer,Bachelor,84,Alaska
746,Elsy Combs,62,1.58,76,5,Entertainer,PhD,80,Delaware
747,Jinny Hinton,25,1.91,84,0,Tax Analyst,PhD,69,South Dakota
748,Son Keller,46,1.61,48,5,Roofer,Bachelor,70,West Virginia
749,Kacie Barry,23,1.56,75,1,Furrier,PhD,90,Alaska
750,Tomika Barr,60,1.95,47,0,Hire Car Driver,Master,76,South Dakota
751,Georgiann Leon,53,1.98,76,4,Ambulance Driver,PhD,82,Alaska
752,Laree Wilder,37,1.54,66,4,Student Nurse,Master,70,Delaware
753,Franchesca David,41,1.92,76,1,Housekeeper,PhD,81,Delaware
754,Tisa Erickson,25,1.58,81,2,Sports Administrator,PhD,71,Delaware
755,Caroll Delgado,33,1.69,46,0,Airport Controller,Bachelor,90,West Virginia
756,Ula Strickland,19,1.95,81,3,Graphic Designer,PhD,76,Louisiana
757,Conception Cline,54,1.74,77,4,Audit Manager,PhD,76,West Virginia
758,Terrell Riggs,53,1.56,68,5,Fruiterer,PhD,69,Louisiana
759,Wendie Simpson,23,1.5,87,5,Shelter Warden,PhD,67,Alaska
760,Regan Hammond,43,1.94,82,4,Service Engineer,Bachelor,87,West Virginia
761,Stepanie Salazar,51,1.88,60,4,Chef,Master,78,West Virginia
762,Dorine Durham,54,1.74,52,0,Mortician,PhD,67,Delaware
763,Xochitl Hewitt,38,1.63,38,5,Administration Staff,PhD,85,South Dakota
764,Tynisha Burnett,46,1.76,62,5,Jockey,PhD,79,Louisiana
765,Loriann Hewitt,40,1.68,47,3,Marketing Coordinator,Master,69,Louisiana
766,Vivan Holland,58,1.78,77,2,Rent Offcer,Bachelor,83,Delaware
767,Rachal Martin,67,1.89,68,1,Property Buyer,PhD,69,West Virginia
768,Zonia Kent,50,1.63,57,4,Playgroup Leader,PhD,66,South Dakota
769,Oneida Ray,51,1.57,80,0,Line Manager,Master,69,Alaska
770,Evelin Bright,28,1.61,63,2,Warehouseman,PhD,70,Alaska
771,Blythe Chang,63,1.69,78,0,Catering Manager,Bachelor,72,Alaska
772,Shirl Watkins,51,1.8,43,0,Medical Assistant,Bachelor,74,South Dakota
773,Mikki Bond,34,1.8,84,3,Research Consultant,PhD,71,Louisiana
774,Twana Fletcher,35,1.86,76,0,Hosiery Worker,PhD,69,Alaska
775,Tandra Howe,57,1.51,80,4,Motor Racing,Bachelor,82,South Dakota
776,Armandina Rush,50,1.8,71,5,Literary Agent,PhD,85,Delaware
777,Florinda Ortega,55,1.52,53,5,Accountant,Bachelor,83,Delaware
778,Christinia Fernandez,28,1.89,60,5,Regulator,Master,86,Louisiana
779,Hye Leonard,64,1.51,83,0,Caterer,PhD,84,Alaska
780,Laronda Puckett,54,1.91,75,2,Pools Collector,Master,66,South Dakota
781,Jerica Merrill,23,1.98,67,3,Acupuncturist,Master,66,Louisiana
782,Gala Hess,34,1.75,73,0,Textile Worker,Master,85,Delaware
783,Margarite Wilder,67,1.56,70,2,Tyre Fitter,PhD,83,West Virginia
784,Karlyn Patton,57,1.72,62,4,Tax Manager,Bachelor,85,South Dakota
785,Margaretta Wong,49,1.89,81,3,Art Critic,Master,85,Louisiana
786,Deja Elliott,36,1.53,78,1,Line Manager,Master,85,Alaska
787,Quiana Wilson,48,1.68,72,0,Medical Consultant,Bachelor,72,West Virginia
788,Lashon Brady,37,1.7,85,2,Cable Jointer,PhD,79,South Dakota
789,Genny Kane,62,1.66,51,4,Merchant Seaman,Bachelor,66,Delaware
790,Hae Knox,46,1.87,53,5,Magician,Master,78,West Virginia
791,Isobel Deleon,47,1.6,53,4,Print Finisher,Bachelor,71,Alaska
792,Dan Burris,56,1.96,81,5,Technical Illustrator,PhD,69,Alaska
793,Aleida Robles,63,1.93,40,3,Property Developer,PhD,75,Alaska
794,Lorette Kirkland,43,1.95,74,2,Technical Director,Bachelor,69,Alaska
795,Tish Finch,50,1.7,86,4,Foster Parent,Bachelor,82,South Dakota
796,Valrie Sargent,38,1.71,72,0,Textile Technician,Master,72,West Virginia
797,Norah Strong,25,1.84,49,3,Fireman,PhD,73,West Virginia
798,Treasa Jarvis,33,1.66,38,0,Labourer,Master,69,South Dakota
799,Criselda Gentry,21,1.68,54,1,Waiter,Master,74,West Virginia
800,Jonie Everett,57,1.74,77,2,Progress Clerk,Bachelor,78,Delaware
801,Tegan Holloway,28,1.61,82,2,Professional Wrestler,Master,75,Louisiana
802,Lakia Hurley,64,1.59,46,4,Lighting Technician,Bachelor,75,Delaware
803,Kimiko Schneider,66,1.62,65,3,Insurance Broker,Bachelor,70,West Virginia
804,Elodia Joyner,50,1.9,49,3,Television Producer,Bachelor,79,West Virginia
805,Towanda Lowery,37,1.86,88,3,Oil Broker,Master,80,South Dakota
806,Bernetta Hendricks,23,1.55,48,0,Laundry Staff,Master,77,Louisiana
807,Siu Solomon,47,1.81,66,5,Pipe Fitter,Master,72,Delaware
808,Melita Guerra,55,1.78,89,2,Playgroup Assistant,Bachelor,76,South Dakota
809,Pura Burton,21,1.68,81,4,Interpreter,PhD,74,West Virginia
810,Wava Clements,56,1.99,56,2,Payroll Manager,PhD,85,West Virginia
811,Tinisha Kim,36,1.89,66,0,Quality Engineer,PhD,82,South Dakota
812,Lashawnda Jennings,24,1.82,47,1,Planning Manager,Master,78,Delaware
813,Patrina Stark,34,1.95,43,1,Plater,Bachelor,88,Alaska
814,Lonna Gamble,66,1.83,83,2,Regulator,Master,77,Alaska
815,Sau Rowland,20,1.93,61,5,Training Manager,Master,77,South Dakota
816,Raeann Christensen,54,1.59,39,1,Lock Keeper,PhD,82,Delaware
817,Karry Whitehead,41,1.87,85,0,Labourer,Bachelor,82,Alaska
818,Olinda Brooks,22,1.55,68,4,Blind Fitter,Bachelor,77,Louisiana
819,Olinda Lindsey,46,1.88,43,0,Medical Advisor,PhD,89,Louisiana
820,Epifania Bowen,35,1.83,62,2,Lime Kiln Attendant,Bachelor,84,Louisiana
821,Larisa Hudson,25,1.81,46,4,Hop Merchant,Bachelor,69,South Dakota
822,Arvilla O'connor,43,1.68,58,3,Stone Sawyer,PhD,76,Alaska
823,Klara Marks,53,1.72,82,4,Hospital Orderly,PhD,76,Delaware
824,Sharen Morrow,30,1.87,74,3,Transport Controller,PhD,84,Louisiana
825,Victor Fuentes,43,1.95,68,4,Lighterman,Bachelor,81,South Dakota
826,Sana Fry,20,1.68,54,1,Optical Advisor,Bachelor,66,Delaware
827,Aaron Lindsay,63,1.91,46,2,Museum Assistant,Master,75,West Virginia
828,Vinnie Alexander,51,1.84,69,3,Office Worker,Bachelor,79,Delaware
829,Ronni Santos,56,1.65,52,0,Wages Clerk,Master,81,Delaware
830,Gudrun Higgins,38,1.94,65,3,Marine Pilot,Bachelor,84,Alaska
831,Nickie Sims,28,1.69,54,0,Scientist,PhD,77,Louisiana
832,Jule Leon,65,1.88,77,5,Metal Worker,Master,74,Louisiana
833,Vernia Sears,39,1.63,50,0,Housewife,Bachelor,81,Louisiana
834,Latoyia Buckley,52,1.82,77,3,Metallurgist,PhD,80,Louisiana
835,Tameika Compton,37,1.66,47,0,Turner,Bachelor,80,South Dakota
836,Glinda Yates,41,1.55,55,1,Shooting Instructor,PhD,75,South Dakota
837,Alethia Dickerson,44,1.55,38,3,Law Clerk,Master,83,Alaska
838,Refugia Fulton,64,1.89,69,2,Stewardess,PhD,87,South Dakota
839,Arlean Giles,56,1.54,86,1,Bodyguard,Master,80,Alaska
840,Nisha Blackburn,59,1.77,49,1,Marine Surveyor,Master,90,Louisiana
841,Alline Burton,54,1.99,83,1,Radio Controller,Master,72,South Dakota
842,Kandra Reed,55,2,50,3,Chambermaid,PhD,80,Delaware
843,Jacelyn Joyner,51,1.69,57,2,Hardware Dealer,PhD,85,Louisiana
844,Barabara Rhodes,67,1.97,71,0,Marketing Assistant,Master,77,Delaware
845,Leena Cortez,61,1.68,41,5,Lawyer,Bachelor,72,South Dakota
846,Jona Morton,54,1.72,38,1,Mill Operator,PhD,87,South Dakota
847,Delorse Hebert,30,1.89,38,0,Surveyor,PhD,65,West Virginia
848,Eneida Hampton,38,1.89,53,1,Television Producer,Bachelor,78,Delaware
849,Mardell Weber,44,1.98,86,5,Botanist,Bachelor,87,Delaware
850,Matthew Navarro,44,1.58,72,0,Forensic Scientist,Master,81,Louisiana
851,Johana Gamble,48,1.99,88,5,Pools Collector,Master,88,South Dakota
852,Hee Atkins,63,1.84,60,5,Furrier,Master,69,Louisiana
853,Avril Kerr,31,1.85,73,2,Vehicle Body Worker,PhD,82,Alaska
854,Takisha Conner,60,1.78,72,2,Pawnbroker,PhD,80,Louisiana
855,Sherlene Ferguson,42,1.93,76,4,Health And Safety,Bachelor,75,Delaware
856,Verlie Castro,47,1.72,90,2,Van Driver,Master,82,Alaska
857,Shanita Abbott,52,1.89,70,3,Hypnotist,Bachelor,76,Alaska
858,Merlene Rosario,57,1.81,58,5,Broadcaster,PhD,80,Delaware
859,Wen Shepard,33,1.69,71,5,Telephonist,PhD,73,Louisiana
860,Emmie Miller,37,1.64,64,5,Pattern Cutter,Bachelor,72,Alaska
861,Conception Lindsay,67,1.83,40,1,Hospital Worker,Bachelor,74,Delaware
862,Ilana Bryan,62,1.74,44,0,Radiologist,PhD,87,West Virginia
863,Takako Livingston,38,1.81,75,2,Barrister,Master,80,Alaska
864,Jeanene Merrill,53,1.86,38,1,Technical Editor,Bachelor,90,Alaska
865,Sherise Savage,36,1.82,61,4,Sales Engineer,Master,68,Louisiana
866,Bronwyn Short,61,1.81,71,0,Bus Mechanic,Master,82,West Virginia
867,Chante Wiggins,43,1.61,71,0,Chiropodist,PhD,76,Delaware
868,Joannie Love,36,1.69,50,4,Marine Engineer,PhD,66,Alaska
869,Georgann Matthews,63,1.87,64,5,Civil Servant,PhD,67,Alaska
870,Mee Ortega,46,1.73,80,3,Circus Proprietor,Bachelor,85,Alaska
871,Georgianne Marsh,65,1.7,59,5,Handyman,PhD,80,Delaware
872,Sanora Weeks,30,1.68,58,4,Payroll Clerk,Master,82,Alaska
873,Queenie Robles,53,1.82,90,5,Pawnbroker,PhD,87,Alaska
874,Juliane Mayo,26,1.77,62,4,Marketing Director,Master,68,Louisiana
875,Shaneka Humphrey,65,1.98,38,5,Assistant Teacher,Master,83,Delaware
876,Amira Leonard,33,1.57,57,0,Oil Rig Crew,Bachelor,66,Louisiana
877,Janay Stewart,32,1.66,87,5,Mill Operator,PhD,85,Delaware
878,Tobi Mathews,21,1.79,74,1,Chandler,Bachelor,68,West Virginia
879,Shaunte Griffin,39,1.58,54,2,Marine Pilot,Bachelor,87,West Virginia
880,Kathey Serrano,24,1.65,74,3,Lawn Mower,PhD,86,Delaware
881,Chanelle Price,18,1.66,68,1,Technical Advisor,PhD,82,Delaware
882,Colene Mcneil,44,1.82,40,5,Quality Inspector,Bachelor,85,West Virginia
883,Britany Ware,48,1.89,60,3,Sales Manager,Bachelor,85,Delaware
884,Jerrica Richard,66,1.83,76,0,Quality Technician,Bachelor,74,Alaska
885,Letty Lindsey,36,1.52,72,4,Graphic Designer,Master,85,South Dakota
886,Teresia Peck,67,1.61,41,5,Reflexologist,Master,67,Louisiana
887,Thao Bradford,32,1.61,56,3,Goods Handler,Bachelor,82,South Dakota
888,Many Boone,29,1.74,85,0,Wages Clerk,Master,78,Delaware
889,Kellye Bowers,20,1.7,65,5,Fuel Merchant,Bachelor,77,West Virginia
890,Stacee Maxwell,29,1.6,63,5,Insurance Broker,PhD,88,Alaska
891,Valda Drake,20,1.62,55,3,Pawnbroker,PhD,65,Alaska
892,Claretta Bullock,54,1.84,65,2,Portfolio Manager,Bachelor,84,South Dakota
893,Luba Goodman,39,1.8,39,2,Homecare Manager,Master,74,West Virginia
894,Sandee Moore,59,1.57,40,1,Interviewer,PhD,82,Louisiana
895,Mirtha Cervantes,49,1.88,43,0,Blinds Installer,Bachelor,69,Louisiana
896,Ellamae Sweet,47,1.92,56,0,Plater,PhD,73,Delaware
897,Darcey Freeman,25,1.73,39,2,Knitter,PhD,75,Delaware
898,Waneta Curry,64,1.6,71,2,Waiter,Master,79,Alaska
899,Ela Paul,63,1.85,39,3,Travel Clerk,Bachelor,70,South Dakota
900,Katherin Clark,65,1.53,50,5,Metal Polisher,Bachelor,75,Alaska
901,Shemeka Nixon,54,1.97,42,3,Metal Polisher,PhD,86,Delaware
902,Melia Summers,29,1.55,56,5,Radio Operator,Bachelor,84,West Virginia
903,Naida Lara,45,1.99,44,2,Taxi Controller,PhD,81,Alaska
904,Vernetta Boyer,23,1.59,70,3,Writer,PhD,77,South Dakota
905,Anisa Barr,29,1.62,71,2,Pig Manager,Master,69,West Virginia
906,Noma Rhodes,38,1.58,60,5,Preacher,Master,72,South Dakota
907,Leonida Dillon,34,2,70,2,Brewery Manager,PhD,77,Delaware
908,Katlyn Thornton,46,1.69,90,0,Welfare Rights Officer,Master,89,Alaska
909,Jennell Cash,39,1.67,63,5,Gaming Club Proprietor,Bachelor,74,Louisiana
910,Nancee Levy,64,1.98,77,5,Lighterman,Master,83,South Dakota
911,Julian Mccoy,34,1.58,57,4,Physicist,Master,85,Alaska
912,Willodean Callahan,62,1.6,46,4,Valve Technician,PhD,72,South Dakota
913,Ilda Suarez,60,1.57,82,5,Transport Controller,Bachelor,68,West Virginia
914,Ronald Vinson,37,1.99,47,5,Handyman,Master,70,West Virginia
915,Carmina Mathis,61,1.77,84,0,Hygienist,Master,81,Alaska
916,Elidia Pugh,62,1.51,58,3,Rose Grower,Master,68,Alaska
917,Sanora Rice,41,1.97,78,5,Microbiologist,Bachelor,84,Delaware
918,Gretta Bryan,32,1.57,39,4,Medical Supplier,PhD,69,West Virginia
919,Joane Mcpherson,27,1.62,81,0,Probation Worker,Bachelor,79,Louisiana
920,Sixta Campbell,41,1.75,76,3,Psychoanalyst,Bachelor,78,Louisiana
921,Nevada Kirk,48,1.74,48,1,Lift Attendant,Bachelor,89,Louisiana
922,Phebe Robles,60,1.98,55,3,Letting Agent,PhD,71,Delaware
923,Illa Rivers,61,1.6,49,3,Technical Clerk,PhD,89,Louisiana
924,Lynelle Swanson,23,1.73,53,3,Retired,Bachelor,81,West Virginia
925,Nadene Powers,51,1.66,77,5,Typewriter Engineer,PhD,87,Alaska
926,Aurore Levy,22,1.55,67,0,Map Mounter,PhD,83,South Dakota
927,Waneta Hebert,21,1.99,40,4,Radio Producer,PhD,82,Louisiana
928,Betsey Conner,30,1.65,63,2,Motor Racing,Master,83,Louisiana
929,Fermina Holder,27,1.65,41,5,Traffic Warden,Bachelor,70,Alaska
930,Shea Singleton,51,1.82,43,5,Temperature Time,Bachelor,79,South Dakota
931,Georgetta Roth,61,1.79,82,4,Gambler,Master,71,Louisiana
932,Rachele Gates,49,1.73,49,3,Investment Manager,Master,67,Louisiana
933,Clarine Duncan,46,1.66,79,5,Health Visitor,PhD,90,South Dakota
934,Deonna Bradley,47,1.56,66,5,Production Manager,Bachelor,69,Louisiana
935,Ute Phelps,44,1.69,88,4,Health Advisor,Master,79,Louisiana
936,Yuki Harper,21,1.52,48,2,Graphologist,Bachelor,82,West Virginia
937,Elfreda Cochran,61,1.88,41,3,Orthopaedic,Master,90,Alaska
938,Sean Flowers,64,1.81,45,1,Ironmonger,Bachelor,65,West Virginia
939,Kasie Alston,34,1.73,69,4,Administration Assistant,PhD,65,Delaware
940,Tamisha Dodson,55,1.61,80,3,Sports Coach,Master,67,South Dakota
941,Sana Bond,45,1.8,38,1,Violinist,Master,76,South Dakota
942,Izetta Bauer,52,1.59,41,5,Post Sorter,Bachelor,66,South Dakota
943,Elicia Stevens,48,1.52,74,4,Off Shore,Master,66,Alaska
944,Cicely Bauer,44,1.55,49,1,Motor Engineer,PhD,70,Delaware
945,Genevive Wooten,67,1.73,75,2,Attendant,Bachelor,85,West Virginia
946,Leida Garza,41,1.68,62,0,Security Guard,PhD,77,West Virginia
947,Carlee Forbes,42,1.74,45,5,Military Leader,Master,77,South Dakota
948,Vanita Hines,61,1.76,82,1,Booking Agent,Bachelor,86,Louisiana
949,Vena Boyd,26,1.74,82,4,Museum Attendant,Master,85,Alaska
950,Loris Ellis,25,1.76,77,2,French Polisher,PhD,70,Louisiana
951,Tashia Levine,43,1.86,69,3,Hotel Consultant,PhD,81,Delaware
952,Johana Phillips,64,1.65,50,0,Entertainer,Bachelor,72,South Dakota
953,Shemeka Moran,66,1.9,85,1,Sales Assistant,Master,65,Alaska
954,Belia Gilliam,47,1.67,89,5,Land Agent,Bachelor,86,Louisiana
955,Idell Pate,45,1.64,88,0,Orthopaedic,Master,82,West Virginia
956,Thomasine Marsh,32,1.66,38,0,Pig Man,Master,72,West Virginia
957,Odilia Prince,40,1.78,39,1,Instrument Supervisor,Master,69,Alaska
958,Marcene Warner,30,1.84,68,0,Gamekeeper,Master,88,South Dakota
959,Epifania Morgan,20,1.73,72,2,Stenographer,Master,90,West Virginia
960,Britany Snider,57,1.76,74,5,Park Keeper,PhD,89,South Dakota
961,Virgil Arnold,33,1.6,81,2,Press Officer,Bachelor,71,South Dakota
962,Elmer Finley,24,1.92,59,3,Turkey Farmer,Bachelor,84,South Dakota
963,Nicholle Combs,46,1.8,88,2,Paramedic,PhD,84,South Dakota
964,Arlean Farmer,33,1.71,69,1,Property Manager,Master,88,South Dakota
965,Leonie Daniels,43,1.76,49,0,Psychologist,Bachelor,79,Delaware
966,Ilana Wallace,52,1.55,70,0,Tax Consultant,PhD,71,South Dakota
967,Emmie Conner,26,1.67,68,5,Transport Controller,Master,81,Alaska
968,Maddie Carpenter,32,1.88,44,4,Furnace Man,Bachelor,88,Louisiana
969,Assunta James,38,1.69,71,0,Actuary,Master,83,Louisiana
970,Beatris Parks,67,1.92,43,2,Stone Sawyer,Bachelor,86,Alaska
971,Cyndy Levy,33,1.88,85,2,Applications Engineer,PhD,74,Delaware
972,Logan Mullins,60,1.95,58,1,Instructor,Master,81,Delaware
973,Laci Lowe,44,1.66,66,5,Engineer,Master,74,Alaska
974,Elmer Chan,21,1.64,38,4,Word Processing Operator,PhD,82,Louisiana
975,Crystle Crosby,65,1.77,73,2,Metal Polisher,Bachelor,70,West Virginia
976,Laraine Mccray,53,1.62,42,2,Plant Attendant,PhD,80,South Dakota
977,Sarai Baxter,40,1.57,68,5,Betting Shop,Bachelor,85,West Virginia
978,Natalya Beasley,51,1.54,63,1,Slater,PhD,75,West Virginia
979,Matthew Fulton,44,1.67,50,5,Tunneller,Bachelor,69,Alaska
980,Shenika Mccarty,42,1.57,90,5,Storeman,Bachelor,70,Louisiana
981,Sharan Fuentes,48,1.84,83,3,Stud Hand,Bachelor,72,Delaware
982,Jenette Carr,37,1.93,77,2,Production Planner,Master,87,Delaware
983,Gilma Pennington,47,1.96,59,2,Sports Administrator,Master,66,Louisiana
984,Ariane Berger,44,1.74,60,3,Steel Erector,Bachelor,78,Louisiana
985,Lannie Rodriquez,51,1.67,74,1,Tiler,Bachelor,69,West Virginia
986,Paz Shelton,33,1.86,44,2,Wholesale Newspaper,PhD,73,Delaware
987,Cassaundra Sanchez,39,1.65,67,3,Safety Officer,Bachelor,85,South Dakota
988,Kacie Marks,46,1.58,68,3,Building Estimator,Master,76,South Dakota
989,Ja Shannon,52,1.85,65,3,Plastics Consultant,PhD,88,Delaware
990,Jone Clayton,21,1.83,42,5,Tea Taster,Bachelor,73,West Virginia
991,Shay Gentry,61,1.78,90,3,Hospital Doctor,Master,84,Louisiana
992,Pearle Bishop,20,1.8,81,4,Purchasing Assistant,Master,67,Delaware
993,Tandra Navarro,66,1.83,43,1,Garage Manager,PhD,83,Louisiana
994,Aaron Rivers,31,1.57,47,3,Trichologist,Master,80,Delaware
995,Nickole Mitchell,39,1.79,50,1,Partition Erector,Master,74,South Dakota
996,Letisha Walters,31,1.97,65,5,Playgroup Leader,Bachelor,71,South Dakota
997,Alethia Miles,65,1.99,63,1,Nursery Nurse,Bachelor,89,West Virginia
998,Mignon Vaughn,33,1.77,41,0,Word Processing Operator,Master,87,Louisiana
999,Danyel Strong,63,1.64,39,1,Shepherd,PhD,71,West Virginia